{"inputUnits":[34],"outputUnits":2,"inputs":{"0":{"dtype":"number","min":312.44482433749545,"max":435.4722428971228},"1":{"dtype":"number","min":134.3924935782466,"max":333.1657130616184},"2":{"dtype":"number","min":321.1357173103303,"max":446.6701504599723},"3":{"dtype":"number","min":118.42178389256102,"max":325.877008697866},"4":{"dtype":"number","min":297.4008475574538,"max":421.26755295096666},"5":{"dtype":"number","min":120.68698007309018,"max":323.21906984084313},"6":{"dtype":"number","min":353.37456847907043,"max":467.3365112779669},"7":{"dtype":"number","min":117.69436476295562,"max":334.91688650405825},"8":{"dtype":"number","min":286.549341224047,"max":400.12664438685556},"9":{"dtype":"number","min":125.74915488870226,"max":337.2019418204341},"10":{"dtype":"number","min":397.8995119829586,"max":505.97334924838884},"11":{"dtype":"number","min":173.10178764135458,"max":382.87336178790736},"12":{"dtype":"number","min":272.5602199688032,"max":440.30210680534867},"13":{"dtype":"number","min":153.3539317090224,"max":389.7140669173304},"14":{"dtype":"number","min":402.4121188746352,"max":596.9657074894886},"15":{"dtype":"number","min":107.94853477626458,"max":421.54739795491855},"16":{"dtype":"number","min":194.65488270562912,"max":507.8746822372021},"17":{"dtype":"number","min":81.37259383145937,"max":347.9911940756475},"18":{"dtype":"number","min":317.54531325997084,"max":570.4250053672939},"19":{"dtype":"number","min":36.10849076207974,"max":417.04848708809584},"20":{"dtype":"number","min":128.62293525428623,"max":523.3040289377888},"21":{"dtype":"number","min":12.041573728568821,"max":310.21005949621537},"22":{"dtype":"number","min":330.6720588179414,"max":519.3677893315772},"23":{"dtype":"number","min":391.1397127975286,"max":547.7056730396553},"24":{"dtype":"number","min":240.55286437157062,"max":508.45774372264106},"25":{"dtype":"number","min":386.94544217002067,"max":553.8592855846836},"26":{"dtype":"number","min":303.9641063408165,"max":478.8596781125792},"27":{"dtype":"number","min":547.5693045887039,"max":594.9110382911297},"28":{"dtype":"number","min":213.17705918842717,"max":480.52647631455955},"29":{"dtype":"number","min":546.2876470543531,"max":598.5217095163546},"30":{"dtype":"number","min":267.8688506486351,"max":480.5446290784309},"31":{"dtype":"number","min":546.7737801993403,"max":588.4765458756384},"32":{"dtype":"number","min":235.09268823764668,"max":504.47306592176864},"33":{"dtype":"number","min":547.7715577596821,"max":587.387369949994}},"outputs":{"0":{"dtype":"string","min":0,"max":1,"uniqueValues":["Dab","y"],"legend":{"Dab":[1,0],"y":[0,1]}}},"isNormalized":true}